,Ma,NIQE,PI,LPIPS
Set5,7.332757228034145,4.556679439243057,3.611961105604456,0.09003818780183792
Set14,7.97414111390721,3.6609284669945716,2.8433936765436805,0.15164317190647125
