,Ma,NIQE,PI,LPIPS
Set5,5.010728931329008,7.43519006611267,6.212230567391831,0.16927257180213928
Set14,4.961139621324146,5.653036894728599,5.345948636702227,0.27435562014579773
